name,bus0,bus1,x,r,s_nom,s_nom_extendable,capital_cost,build_year,carrier,x_pu_eff,r_pu_eff,s_nom_opt,v_nom
0,London,Manchester,0.7968782824,0.0,40000.0,True,0.1367157553,0,AC,5.5185476620498615e-06,0.0,699.2924526248325,380.0
1,Manchester,Norwich,0.3915599178,0.0,40000.0,True,0.1334916779,0,AC,2.7116337797783935e-06,0.0,1537.0622434691675,380.0
2,Bremen DC,Norwich DC,0.0,0.2126041927,40000.0,True,0.0086734246,0,DC,0.0,5.3151048175e-06,1057.289684302851,200.0
3,Norwich DC,Norway DC,0.0,0.4861637504,40000.0,True,0.1291260515,0,DC,0.0,1.2154093759999999e-05,238.83321364329558,200.0
4,Norway DC,Bremen DC,0.0,0.4287266497,40000.0,True,0.0624298729,0,DC,0.0,1.07181662425e-05,731.2258548167046,200.0
5,Norwich,London,0.2388003463,0.0,40000.0,True,0.0218524519,0,AC,1.6537420103878116e-06,0.0,243.55917000242957,380.0
6,Bremen,Frankfurt,0.4,0.0,40000.0,True,0.2,0,AC,2.770083102493075e-06,0.0,699.0969567979998,380.0
